date,state,positive
20200122,Anhui,1
20200122,Beijing,14
20200122,Chongqing,6
20200122,Fujian,1
20200122,Gansu,0
20200122,Guangdong,26
20200122,Guangxi,2
20200122,Guizhou,1
20200122,Hainan,4
20200122,Hebei,1
20200122,Heilongjiang,0
20200122,Henan,5
20200122,Hong Kong,0
20200122,Hubei,444
20200122,Hunan,4
20200122,Inner Mongolia,0
20200122,Jiangsu,1
20200122,Jiangxi,2
20200122,Jilin,0
20200122,Liaoning,2
20200122,Ningxia,1
20200122,Shaanxi,0
20200122,Shandong,2
20200122,Shanghai,9
20200122,Shanxi,1
20200122,Sichuan,5
20200122,Tianjin,4
20200122,Xinjiang,0
20200122,Yunnan,1
20200122,Zhejiang,10
20200123,Anhui,9
20200123,Beijing,22
20200123,Chongqing,9
20200123,Fujian,5
20200123,Gansu,2
20200123,Guangdong,32
20200123,Guangxi,5
20200123,Guizhou,3
20200123,Hainan,5
20200123,Hebei,1
20200123,Heilongjiang,2
20200123,Henan,5
20200123,Hong Kong,2
20200123,Hubei,444
20200123,Hunan,9
20200123,Inner Mongolia,0
20200123,Jiangsu,5
20200123,Jiangxi,7
20200123,Jilin,1
20200123,Liaoning,3
20200123,Ningxia,1
20200123,Shaanxi,3
20200123,Shandong,6
20200123,Shanghai,16
20200123,Shanxi,1
20200123,Sichuan,8
20200123,Tianjin,4
20200123,Xinjiang,2
20200123,Yunnan,2
20200123,Zhejiang,27
20200124,Anhui,15
20200124,Beijing,36
20200124,Chongqing,27
20200124,Fujian,10
20200124,Gansu,2
20200124,Guangdong,53
20200124,Guangxi,23
20200124,Guizhou,3
20200124,Hainan,8
20200124,Hebei,2
20200124,Heilongjiang,4
20200124,Henan,9
20200124,Hong Kong,2
20200124,Hubei,549
20200124,Hunan,24
20200124,Inner Mongolia,1
20200124,Jiangsu,9
20200124,Jiangxi,18
20200124,Jilin,3
20200124,Liaoning,4
20200124,Ningxia,2
20200124,Shaanxi,5
20200124,Shandong,15
20200124,Shanghai,20
20200124,Shanxi,1
20200124,Sichuan,15
20200124,Tianjin,8
20200124,Xinjiang,2
20200124,Yunnan,5
20200124,Zhejiang,43
20200125,Anhui,39
20200125,Beijing,41
20200125,Chongqing,57
20200125,Fujian,18
20200125,Gansu,4
20200125,Guangdong,78
20200125,Guangxi,23
20200125,Guizhou,4
20200125,Hainan,19
20200125,Hebei,8
20200125,Heilongjiang,9
20200125,Henan,32
20200125,Hong Kong,5
20200125,Hubei,761
20200125,Hunan,43
20200125,Inner Mongolia,7
20200125,Jiangsu,18
20200125,Jiangxi,18
20200125,Jilin,4
20200125,Liaoning,17
20200125,Ningxia,3
20200125,Shaanxi,15
20200125,Shandong,27
20200125,Shanghai,33
20200125,Shanxi,6
20200125,Sichuan,28
20200125,Tianjin,10
20200125,Xinjiang,3
20200125,Yunnan,11
20200125,Zhejiang,62
20200126,Anhui,60
20200126,Beijing,68
20200126,Chongqing,75
20200126,Fujian,35
20200126,Gansu,7
20200126,Guangdong,111
20200126,Guangxi,36
20200126,Guizhou,5
20200126,Hainan,22
20200126,Hebei,13
20200126,Heilongjiang,15
20200126,Henan,83
20200126,Hong Kong,8
20200126,Hubei,1058
20200126,Hunan,69
20200126,Inner Mongolia,7
20200126,Jiangsu,33
20200126,Jiangxi,36
20200126,Jilin,4
20200126,Liaoning,21
20200126,Ningxia,4
20200126,Shaanxi,22
20200126,Shandong,46
20200126,Shanghai,40
20200126,Shanxi,9
20200126,Sichuan,44
20200126,Tianjin,14
20200126,Xinjiang,4
20200126,Yunnan,16
20200126,Zhejiang,104
20200127,Anhui,70
20200127,Beijing,80
20200127,Chongqing,110
20200127,Fujian,59
20200127,Gansu,14
20200127,Guangdong,151
20200127,Guangxi,46
20200127,Guizhou,7
20200127,Hainan,33
20200127,Hebei,18
20200127,Heilongjiang,21
20200127,Henan,128
20200127,Hong Kong,8
20200127,Hubei,1423
20200127,Hunan,100
20200127,Inner Mongolia,11
20200127,Jiangsu,47
20200127,Jiangxi,72
20200127,Jilin,6
20200127,Liaoning,27
20200127,Ningxia,7
20200127,Shaanxi,35
20200127,Shandong,75
20200127,Shanghai,53
20200127,Shanxi,13
20200127,Sichuan,69
20200127,Tianjin,23
20200127,Xinjiang,5
20200127,Yunnan,26
20200127,Zhejiang,128
20200128,Anhui,106
20200128,Beijing,91
20200128,Chongqing,132
20200128,Fujian,80
20200128,Gansu,19
20200128,Guangdong,207
20200128,Guangxi,51
20200128,Guizhou,9
20200128,Hainan,40
20200128,Hebei,33
20200128,Heilongjiang,33
20200128,Henan,168
20200128,Hong Kong,8
20200128,Hubei,3554
20200128,Hunan,143
20200128,Inner Mongolia,15
20200128,Jiangsu,70
20200128,Jiangxi,109
20200128,Jilin,8
20200128,Liaoning,34
20200128,Ningxia,11
20200128,Shaanxi,46
20200128,Shandong,95
20200128,Shanghai,66
20200128,Shanxi,27
20200128,Sichuan,90
20200128,Tianjin,24
20200128,Xinjiang,10
20200128,Yunnan,44
20200128,Zhejiang,173
20200129,Anhui,152
20200129,Beijing,111
20200129,Chongqing,147
20200129,Fujian,84
20200129,Gansu,24
20200129,Guangdong,277
20200129,Guangxi,58
20200129,Guizhou,9
20200129,Hainan,43
20200129,Hebei,48
20200129,Heilongjiang,38
20200129,Henan,206
20200129,Hong Kong,10
20200129,Hubei,3554
20200129,Hunan,221
20200129,Inner Mongolia,16
20200129,Jiangsu,99
20200129,Jiangxi,109
20200129,Jilin,9
20200129,Liaoning,39
20200129,Ningxia,12
20200129,Shaanxi,56
20200129,Shandong,130
20200129,Shanghai,96
20200129,Shanxi,27
20200129,Sichuan,108
20200129,Tianjin,27
20200129,Xinjiang,13
20200129,Yunnan,55
20200129,Zhejiang,296
20200130,Anhui,200
20200130,Beijing,114
20200130,Chongqing,182
20200130,Fujian,101
20200130,Gansu,26
20200130,Guangdong,354
20200130,Guangxi,78
20200130,Guizhou,12
20200130,Hainan,46
20200130,Hebei,65
20200130,Heilongjiang,44
20200130,Henan,278
20200130,Hong Kong,10
20200130,Hubei,4903
20200130,Hunan,277
20200130,Inner Mongolia,19
20200130,Jiangsu,129
20200130,Jiangxi,162
20200130,Jilin,14
20200130,Liaoning,41
20200130,Ningxia,17
20200130,Shaanxi,63
20200130,Shandong,158
20200130,Shanghai,112
20200130,Shanxi,35
20200130,Sichuan,142
20200130,Tianjin,31
20200130,Xinjiang,14
20200130,Yunnan,70
20200130,Zhejiang,428
20200131,Anhui,237
20200131,Beijing,139
20200131,Chongqing,211
20200131,Fujian,120
20200131,Gansu,29
20200131,Guangdong,436
20200131,Guangxi,87
20200131,Guizhou,29
20200131,Hainan,52
20200131,Hebei,82
20200131,Heilongjiang,59
20200131,Henan,352
20200131,Hong Kong,12
20200131,Hubei,5806
20200131,Hunan,332
20200131,Inner Mongolia,20
20200131,Jiangsu,168
20200131,Jiangxi,240
20200131,Jilin,14
20200131,Liaoning,48
20200131,Ningxia,21
20200131,Shaanxi,87
20200131,Shandong,184
20200131,Shanghai,135
20200131,Shanxi,39
20200131,Sichuan,177
20200131,Tianjin,32
20200131,Xinjiang,17
20200131,Yunnan,83
20200131,Zhejiang,538
20200201,Anhui,297
20200201,Beijing,168
20200201,Chongqing,247
20200201,Fujian,144
20200201,Gansu,40
20200201,Guangdong,535
20200201,Guangxi,100
20200201,Guizhou,29
20200201,Hainan,62
20200201,Hebei,96
20200201,Heilongjiang,80
20200201,Henan,422
20200201,Hong Kong,13
20200201,Hubei,7153
20200201,Hunan,389
20200201,Inner Mongolia,23
20200201,Jiangsu,202
20200201,Jiangxi,286
20200201,Jilin,17
20200201,Liaoning,64
20200201,Ningxia,26
20200201,Shaanxi,101
20200201,Shandong,206
20200201,Shanghai,169
20200201,Shanxi,47
20200201,Sichuan,207
20200201,Tianjin,41
20200201,Xinjiang,18
20200201,Yunnan,93
20200201,Zhejiang,599
20200202,Anhui,340
20200202,Beijing,191
20200202,Chongqing,300
20200202,Fujian,159
20200202,Gansu,51
20200202,Guangdong,632
20200202,Guangxi,111
20200202,Guizhou,38
20200202,Hainan,64
20200202,Hebei,104
20200202,Heilongjiang,95
20200202,Henan,493
20200202,Hong Kong,15
20200202,Hubei,11177
20200202,Hunan,463
20200202,Inner Mongolia,27
20200202,Jiangsu,236
20200202,Jiangxi,333
20200202,Jilin,23
20200202,Liaoning,70
20200202,Ningxia,28
20200202,Shaanxi,116
20200202,Shandong,230
20200202,Shanghai,182
20200202,Shanxi,66
20200202,Sichuan,231
20200202,Tianjin,48
20200202,Xinjiang,21
20200202,Yunnan,105
20200202,Zhejiang,661
20200203,Anhui,408
20200203,Beijing,212
20200203,Chongqing,337
20200203,Fujian,179
20200203,Gansu,55
20200203,Guangdong,725
20200203,Guangxi,127
20200203,Guizhou,46
20200203,Hainan,72
20200203,Hebei,113
20200203,Heilongjiang,121
20200203,Henan,566
20200203,Hong Kong,15
20200203,Hubei,13522
20200203,Hunan,521
20200203,Inner Mongolia,34
20200203,Jiangsu,271
20200203,Jiangxi,391
20200203,Jilin,31
20200203,Liaoning,74
20200203,Ningxia,31
20200203,Shaanxi,128
20200203,Shandong,259
20200203,Shanghai,203
20200203,Shanxi,74
20200203,Sichuan,254
20200203,Tianjin,60
20200203,Xinjiang,24
20200203,Yunnan,117
20200203,Zhejiang,724
20200204,Anhui,480
20200204,Beijing,228
20200204,Chongqing,366
20200204,Fujian,194
20200204,Gansu,57
20200204,Guangdong,813
20200204,Guangxi,139
20200204,Guizhou,58
20200204,Hainan,80
20200204,Hebei,126
20200204,Heilongjiang,155
20200204,Henan,675
20200204,Hong Kong,17
20200204,Hubei,16678
20200204,Hunan,593
20200204,Inner Mongolia,35
20200204,Jiangsu,308
20200204,Jiangxi,476
20200204,Jilin,42
20200204,Liaoning,81
20200204,Ningxia,34
20200204,Shaanxi,142
20200204,Shandong,275
20200204,Shanghai,219
20200204,Shanxi,81
20200204,Sichuan,282
20200204,Tianjin,67
20200204,Xinjiang,29
20200204,Yunnan,122
20200204,Zhejiang,829
20200205,Anhui,530
20200205,Beijing,253
20200205,Chongqing,389
20200205,Fujian,205
20200205,Gansu,62
20200205,Guangdong,895
20200205,Guangxi,150
20200205,Guizhou,64
20200205,Hainan,99
20200205,Hebei,135
20200205,Heilongjiang,190
20200205,Henan,764
20200205,Hong Kong,21
20200205,Hubei,19665
20200205,Hunan,661
20200205,Inner Mongolia,42
20200205,Jiangsu,341
20200205,Jiangxi,548
20200205,Jilin,54
20200205,Liaoning,89
20200205,Ningxia,34
20200205,Shaanxi,165
20200205,Shandong,307
20200205,Shanghai,243
20200205,Shanxi,81
20200205,Sichuan,301
20200205,Tianjin,69
20200205,Xinjiang,32
20200205,Yunnan,128
20200205,Zhejiang,895
20200206,Anhui,591
20200206,Beijing,274
20200206,Chongqing,411
20200206,Fujian,215
20200206,Gansu,62
20200206,Guangdong,970
20200206,Guangxi,168
20200206,Guizhou,71
20200206,Hainan,106
20200206,Hebei,157
20200206,Heilongjiang,227
20200206,Henan,851
20200206,Hong Kong,24
20200206,Hubei,22112
20200206,Hunan,711
20200206,Inner Mongolia,46
20200206,Jiangsu,373
20200206,Jiangxi,600
20200206,Jilin,59
20200206,Liaoning,94
20200206,Ningxia,40
20200206,Shaanxi,173
20200206,Shandong,347
20200206,Shanghai,257
20200206,Shanxi,96
20200206,Sichuan,321
20200206,Tianjin,79
20200206,Xinjiang,36
20200206,Yunnan,133
20200206,Zhejiang,954
20200207,Anhui,665
20200207,Beijing,297
20200207,Chongqing,426
20200207,Fujian,224
20200207,Gansu,67
20200207,Guangdong,1034
20200207,Guangxi,172
20200207,Guizhou,81
20200207,Hainan,117
20200207,Hebei,172
20200207,Heilongjiang,277
20200207,Henan,914
20200207,Hong Kong,25
20200207,Hubei,24953
20200207,Hunan,772
20200207,Inner Mongolia,50
20200207,Jiangsu,408
20200207,Jiangxi,661
20200207,Jilin,65
20200207,Liaoning,99
20200207,Ningxia,43
20200207,Shaanxi,184
20200207,Shandong,386
20200207,Shanghai,277
20200207,Shanxi,104
20200207,Sichuan,344
20200207,Tianjin,81
20200207,Xinjiang,39
20200207,Yunnan,138
20200207,Zhejiang,1006
20200208,Anhui,733
20200208,Beijing,315
20200208,Chongqing,428
20200208,Fujian,239
20200208,Gansu,79
20200208,Guangdong,1095
20200208,Guangxi,183
20200208,Guizhou,89
20200208,Hainan,124
20200208,Hebei,195
20200208,Heilongjiang,295
20200208,Henan,981
20200208,Hong Kong,26
20200208,Hubei,27100
20200208,Hunan,803
20200208,Inner Mongolia,52
20200208,Jiangsu,439
20200208,Jiangxi,698
20200208,Jilin,69
20200208,Liaoning,105
20200208,Ningxia,45
20200208,Shaanxi,195
20200208,Shandong,416
20200208,Shanghai,286
20200208,Shanxi,115
20200208,Sichuan,364
20200208,Tianjin,88
20200208,Xinjiang,42
20200208,Yunnan,138
20200208,Zhejiang,1048
20200209,Anhui,779
20200209,Beijing,326
20200209,Chongqing,468
20200209,Fujian,250
20200209,Gansu,83
20200209,Guangdong,1131
20200209,Guangxi,195
20200209,Guizhou,99
20200209,Hainan,131
20200209,Hebei,206
20200209,Heilongjiang,307
20200209,Henan,1033
20200209,Hong Kong,29
20200209,Hubei,29631
20200209,Hunan,838
20200209,Inner Mongolia,54
20200209,Jiangsu,468
20200209,Jiangxi,740
20200209,Jilin,78
20200209,Liaoning,107
20200209,Ningxia,45
20200209,Shaanxi,208
20200209,Shandong,444
20200209,Shanghai,293
20200209,Shanxi,119
20200209,Sichuan,386
20200209,Tianjin,91
20200209,Xinjiang,45
20200209,Yunnan,141
20200209,Zhejiang,1075
20200210,Anhui,830
20200210,Beijing,337
20200210,Chongqing,486
20200210,Fujian,261
20200210,Gansu,83
20200210,Guangdong,1159
20200210,Guangxi,210
20200210,Guizhou,109
20200210,Hainan,138
20200210,Hebei,218
20200210,Heilongjiang,331
20200210,Henan,1073
20200210,Hong Kong,38
20200210,Hubei,31728
20200210,Hunan,879
20200210,Inner Mongolia,58
20200210,Jiangsu,492
20200210,Jiangxi,771
20200210,Jilin,80
20200210,Liaoning,108
20200210,Ningxia,49
20200210,Shaanxi,213
20200210,Shandong,466
20200210,Shanghai,299
20200210,Shanxi,119
20200210,Sichuan,405
20200210,Tianjin,95
20200210,Xinjiang,49
20200210,Yunnan,149
20200210,Zhejiang,1092
20200211,Anhui,860
20200211,Beijing,342
20200211,Chongqing,505
20200211,Fujian,267
20200211,Gansu,86
20200211,Guangdong,1177
20200211,Guangxi,215
20200211,Guizhou,127
20200211,Hainan,144
20200211,Hebei,239
20200211,Heilongjiang,360
20200211,Henan,1105
20200211,Hong Kong,49
20200211,Hubei,33366
20200211,Hunan,912
20200211,Inner Mongolia,58
20200211,Jiangsu,515
20200211,Jiangxi,804
20200211,Jilin,81
20200211,Liaoning,111
20200211,Ningxia,53
20200211,Shaanxi,219
20200211,Shandong,487
20200211,Shanghai,303
20200211,Shanxi,124
20200211,Sichuan,417
20200211,Tianjin,106
20200211,Xinjiang,55
20200211,Yunnan,153
20200211,Zhejiang,1117
20200212,Anhui,889
20200212,Beijing,352
20200212,Chongqing,518
20200212,Fujian,272
20200212,Gansu,87
20200212,Guangdong,1219
20200212,Guangxi,222
20200212,Guizhou,133
20200212,Hainan,157
20200212,Hebei,251
20200212,Heilongjiang,378
20200212,Henan,1135
20200212,Hong Kong,50
20200212,Hubei,33366
20200212,Hunan,946
20200212,Inner Mongolia,60
20200212,Jiangsu,543
20200212,Jiangxi,844
20200212,Jilin,83
20200212,Liaoning,116
20200212,Ningxia,58
20200212,Shaanxi,225
20200212,Shandong,497
20200212,Shanghai,311
20200212,Shanxi,126
20200212,Sichuan,436
20200212,Tianjin,112
20200212,Xinjiang,59
20200212,Yunnan,154
20200212,Zhejiang,1131
20200213,Anhui,910
20200213,Beijing,366
20200213,Chongqing,529
20200213,Fujian,279
20200213,Gansu,90
20200213,Guangdong,1241
20200213,Guangxi,222
20200213,Guizhou,135
20200213,Hainan,157
20200213,Hebei,265
20200213,Heilongjiang,395
20200213,Henan,1169
20200213,Hong Kong,53
20200213,Hubei,48206
20200213,Hunan,968
20200213,Inner Mongolia,61
20200213,Jiangsu,570
20200213,Jiangxi,872
20200213,Jilin,84
20200213,Liaoning,117
20200213,Ningxia,64
20200213,Shaanxi,229
20200213,Shandong,509
20200213,Shanghai,315
20200213,Shanxi,126
20200213,Sichuan,451
20200213,Tianjin,119
20200213,Xinjiang,63
20200213,Yunnan,156
20200213,Zhejiang,1145
20200214,Anhui,934
20200214,Beijing,372
20200214,Chongqing,537
20200214,Fujian,281
20200214,Gansu,90
20200214,Guangdong,1261
20200214,Guangxi,226
20200214,Guizhou,140
20200214,Hainan,159
20200214,Hebei,283
20200214,Heilongjiang,419
20200214,Henan,1184
20200214,Hong Kong,56
20200214,Hubei,54406
20200214,Hunan,988
20200214,Inner Mongolia,65
20200214,Jiangsu,593
20200214,Jiangxi,900
20200214,Jilin,86
20200214,Liaoning,119
20200214,Ningxia,67
20200214,Shaanxi,230
20200214,Shandong,523
20200214,Shanghai,318
20200214,Shanxi,127
20200214,Sichuan,463
20200214,Tianjin,120
20200214,Xinjiang,65
20200214,Yunnan,162
20200214,Zhejiang,1155
20200215,Anhui,950
20200215,Beijing,375
20200215,Chongqing,544
20200215,Fujian,285
20200215,Gansu,90
20200215,Guangdong,1294
20200215,Guangxi,235
20200215,Guizhou,143
20200215,Hainan,162
20200215,Hebei,291
20200215,Heilongjiang,425
20200215,Henan,1212
20200215,Hong Kong,56
20200215,Hubei,56249
20200215,Hunan,1001
20200215,Inner Mongolia,68
20200215,Jiangsu,604
20200215,Jiangxi,913
20200215,Jilin,88
20200215,Liaoning,119
20200215,Ningxia,70
20200215,Shaanxi,232
20200215,Shandong,532
20200215,Shanghai,326
20200215,Shanxi,128
20200215,Sichuan,470
20200215,Tianjin,122
20200215,Xinjiang,70
20200215,Yunnan,168
20200215,Zhejiang,1162
20200216,Anhui,962
20200216,Beijing,380
20200216,Chongqing,551
20200216,Fujian,287
20200216,Gansu,90
20200216,Guangdong,1316
20200216,Guangxi,237
20200216,Guizhou,144
20200216,Hainan,162
20200216,Hebei,300
20200216,Heilongjiang,445
20200216,Henan,1231
20200216,Hong Kong,57
20200216,Hubei,58182
20200216,Hunan,1004
20200216,Inner Mongolia,70
20200216,Jiangsu,617
20200216,Jiangxi,925
20200216,Jilin,89
20200216,Liaoning,121
20200216,Ningxia,70
20200216,Shaanxi,236
20200216,Shandong,537
20200216,Shanghai,328
20200216,Shanxi,129
20200216,Sichuan,481
20200216,Tianjin,124
20200216,Xinjiang,71
20200216,Yunnan,171
20200216,Zhejiang,1167
20200217,Anhui,973
20200217,Beijing,381
20200217,Chongqing,553
20200217,Fujian,290
20200217,Gansu,91
20200217,Guangdong,1322
20200217,Guangxi,238
20200217,Guizhou,146
20200217,Hainan,163
20200217,Hebei,301
20200217,Heilongjiang,457
20200217,Henan,1246
20200217,Hong Kong,60
20200217,Hubei,59989
20200217,Hunan,1006
20200217,Inner Mongolia,72
20200217,Jiangsu,626
20200217,Jiangxi,930
20200217,Jilin,89
20200217,Liaoning,121
20200217,Ningxia,70
20200217,Shaanxi,240
20200217,Shandong,541
20200217,Shanghai,333
20200217,Shanxi,130
20200217,Sichuan,495
20200217,Tianjin,125
20200217,Xinjiang,75
20200217,Yunnan,171
20200217,Zhejiang,1171
20200218,Anhui,982
20200218,Beijing,387
20200218,Chongqing,555
20200218,Fujian,292
20200218,Gansu,91
20200218,Guangdong,1328
20200218,Guangxi,242
20200218,Guizhou,146
20200218,Hainan,163
20200218,Hebei,306
20200218,Heilongjiang,464
20200218,Henan,1257
20200218,Hong Kong,62
20200218,Hubei,61682
20200218,Hunan,1007
20200218,Inner Mongolia,73
20200218,Jiangsu,629
20200218,Jiangxi,933
20200218,Jilin,89
20200218,Liaoning,121
20200218,Ningxia,70
20200218,Shaanxi,240
20200218,Shandong,543
20200218,Shanghai,333
20200218,Shanxi,131
20200218,Sichuan,508
20200218,Tianjin,128
20200218,Xinjiang,76
20200218,Yunnan,172
20200218,Zhejiang,1172
20200219,Anhui,986
20200219,Beijing,393
20200219,Chongqing,560
20200219,Fujian,293
20200219,Gansu,91
20200219,Guangdong,1331
20200219,Guangxi,244
20200219,Guizhou,146
20200219,Hainan,168
20200219,Hebei,306
20200219,Heilongjiang,470
20200219,Henan,1262
20200219,Hong Kong,63
20200219,Hubei,62031
20200219,Hunan,1008
20200219,Inner Mongolia,75
20200219,Jiangsu,631
20200219,Jiangxi,934
20200219,Jilin,90
20200219,Liaoning,121
20200219,Ningxia,71
20200219,Shaanxi,242
20200219,Shandong,544
20200219,Shanghai,333
20200219,Shanxi,131
20200219,Sichuan,514
20200219,Tianjin,130
20200219,Xinjiang,76
20200219,Yunnan,172
20200219,Zhejiang,1174
20200220,Anhui,987
20200220,Beijing,395
20200220,Chongqing,567
20200220,Fujian,293
20200220,Gansu,91
20200220,Guangdong,1332
20200220,Guangxi,245
20200220,Guizhou,146
20200220,Hainan,168
20200220,Hebei,307
20200220,Heilongjiang,476
20200220,Henan,1265
20200220,Hong Kong,68
20200220,Hubei,62442
20200220,Hunan,1010
20200220,Inner Mongolia,75
20200220,Jiangsu,631
20200220,Jiangxi,934
20200220,Jilin,91
20200220,Liaoning,121
20200220,Ningxia,71
20200220,Shaanxi,245
20200220,Shandong,546
20200220,Shanghai,334
20200220,Shanxi,132
20200220,Sichuan,520
20200220,Tianjin,131
20200220,Xinjiang,76
20200220,Yunnan,174
20200220,Zhejiang,1175
20200221,Anhui,988
20200221,Beijing,396
20200221,Chongqing,572
20200221,Fujian,293
20200221,Gansu,91
20200221,Guangdong,1333
20200221,Guangxi,246
20200221,Guizhou,146
20200221,Hainan,168
20200221,Hebei,308
20200221,Heilongjiang,479
20200221,Henan,1267
20200221,Hong Kong,68
20200221,Hubei,62662
20200221,Hunan,1011
20200221,Inner Mongolia,75
20200221,Jiangsu,631
20200221,Jiangxi,934
20200221,Jilin,91
20200221,Liaoning,121
20200221,Ningxia,71
20200221,Shaanxi,245
20200221,Shandong,749
20200221,Shanghai,334
20200221,Shanxi,132
20200221,Sichuan,525
20200221,Tianjin,132
20200221,Xinjiang,76
20200221,Yunnan,174
20200221,Zhejiang,1203
20200222,Anhui,989
20200222,Beijing,399
20200222,Chongqing,573
20200222,Fujian,293
20200222,Gansu,91
20200222,Guangdong,1339
20200222,Guangxi,249
20200222,Guizhou,146
20200222,Hainan,168
20200222,Hebei,309
20200222,Heilongjiang,479
20200222,Henan,1270
20200222,Hong Kong,69
20200222,Hubei,64084
20200222,Hunan,1013
20200222,Inner Mongolia,75
20200222,Jiangsu,631
20200222,Jiangxi,934
20200222,Jilin,91
20200222,Liaoning,121
20200222,Ningxia,71
20200222,Shaanxi,245
20200222,Shandong,750
20200222,Shanghai,335
20200222,Shanxi,132
20200222,Sichuan,526
20200222,Tianjin,135
20200222,Xinjiang,76
20200222,Yunnan,174
20200222,Zhejiang,1205
20200223,Anhui,989
20200223,Beijing,399
20200223,Chongqing,575
20200223,Fujian,293
20200223,Gansu,91
20200223,Guangdong,1342
20200223,Guangxi,249
20200223,Guizhou,146
20200223,Hainan,168
20200223,Hebei,311
20200223,Heilongjiang,480
20200223,Henan,1271
20200223,Hong Kong,74
20200223,Hubei,64084
20200223,Hunan,1016
20200223,Inner Mongolia,75
20200223,Jiangsu,631
20200223,Jiangxi,934
20200223,Jilin,91
20200223,Liaoning,121
20200223,Ningxia,71
20200223,Shaanxi,245
20200223,Shandong,754
20200223,Shanghai,335
20200223,Shanxi,132
20200223,Sichuan,526
20200223,Tianjin,135
20200223,Xinjiang,76
20200223,Yunnan,174
20200223,Zhejiang,1205
20200224,Anhui,989
20200224,Beijing,399
20200224,Chongqing,576
20200224,Fujian,293
20200224,Gansu,91
20200224,Guangdong,1345
20200224,Guangxi,251
20200224,Guizhou,146
20200224,Hainan,168
20200224,Hebei,311
20200224,Heilongjiang,480
20200224,Henan,1271
20200224,Hong Kong,79
20200224,Hubei,64287
20200224,Hunan,1016
20200224,Inner Mongolia,75
20200224,Jiangsu,631
20200224,Jiangxi,934
20200224,Jilin,93
20200224,Liaoning,121
20200224,Ningxia,71
20200224,Shaanxi,245
20200224,Shandong,755
20200224,Shanghai,335
20200224,Shanxi,133
20200224,Sichuan,527
20200224,Tianjin,135
20200224,Xinjiang,76
20200224,Yunnan,174
20200224,Zhejiang,1205
20200225,Anhui,989
20200225,Beijing,400
20200225,Chongqing,576
20200225,Fujian,294
20200225,Gansu,91
20200225,Guangdong,1347
20200225,Guangxi,252
20200225,Guizhou,146
20200225,Hainan,168
20200225,Hebei,311
20200225,Heilongjiang,480
20200225,Henan,1271
20200225,Hong Kong,84
20200225,Hubei,64786
20200225,Hunan,1016
20200225,Inner Mongolia,75
20200225,Jiangsu,631
20200225,Jiangxi,934
20200225,Jilin,93
20200225,Liaoning,121
20200225,Ningxia,71
20200225,Shaanxi,245
20200225,Shandong,756
20200225,Shanghai,336
20200225,Shanxi,133
20200225,Sichuan,529
20200225,Tianjin,135
20200225,Xinjiang,76
20200225,Yunnan,174
20200225,Zhejiang,1205
20200226,Anhui,989
20200226,Beijing,400
20200226,Chongqing,576
20200226,Fujian,294
20200226,Gansu,91
20200226,Guangdong,1347
20200226,Guangxi,252
20200226,Guizhou,146
20200226,Hainan,168
20200226,Hebei,312
20200226,Heilongjiang,480
20200226,Henan,1271
20200226,Hong Kong,91
20200226,Hubei,65187
20200226,Hunan,1016
20200226,Inner Mongolia,75
20200226,Jiangsu,631
20200226,Jiangxi,934
20200226,Jilin,93
20200226,Liaoning,121
20200226,Ningxia,71
20200226,Shaanxi,245
20200226,Shandong,756
20200226,Shanghai,337
20200226,Shanxi,133
20200226,Sichuan,531
20200226,Tianjin,135
20200226,Xinjiang,76
20200226,Yunnan,174
20200226,Zhejiang,1205
20200227,Anhui,989
20200227,Beijing,410
20200227,Chongqing,576
20200227,Fujian,296
20200227,Gansu,91
20200227,Guangdong,1347
20200227,Guangxi,252
20200227,Guizhou,146
20200227,Hainan,168
20200227,Hebei,317
20200227,Heilongjiang,480
20200227,Henan,1272
20200227,Hong Kong,92
20200227,Hubei,65596
20200227,Hunan,1017
20200227,Inner Mongolia,75
20200227,Jiangsu,631
20200227,Jiangxi,934
20200227,Jilin,93
20200227,Liaoning,121
20200227,Ningxia,72
20200227,Shaanxi,245
20200227,Shandong,756
20200227,Shanghai,337
20200227,Shanxi,133
20200227,Sichuan,534
20200227,Tianjin,136
20200227,Xinjiang,76
20200227,Yunnan,174
20200227,Zhejiang,1205
20200228,Anhui,990
20200228,Beijing,410
20200228,Chongqing,576
20200228,Fujian,296
20200228,Gansu,91
20200228,Guangdong,1348
20200228,Guangxi,252
20200228,Guizhou,146
20200228,Hainan,168
20200228,Hebei,318
20200228,Heilongjiang,480
20200228,Henan,1272
20200228,Hong Kong,94
20200228,Hubei,65914
20200228,Hunan,1017
20200228,Inner Mongolia,75
20200228,Jiangsu,631
20200228,Jiangxi,935
20200228,Jilin,93
20200228,Liaoning,121
20200228,Ningxia,72
20200228,Shaanxi,245
20200228,Shandong,756
20200228,Shanghai,337
20200228,Shanxi,133
20200228,Sichuan,538
20200228,Tianjin,136
20200228,Xinjiang,76
20200228,Yunnan,174
20200228,Zhejiang,1205
20200229,Anhui,990
20200229,Beijing,411
20200229,Chongqing,576
20200229,Fujian,296
20200229,Gansu,91
20200229,Guangdong,1349
20200229,Guangxi,252
20200229,Guizhou,146
20200229,Hainan,168
20200229,Hebei,318
20200229,Heilongjiang,480
20200229,Henan,1272
20200229,Hong Kong,95
20200229,Hubei,66337
20200229,Hunan,1018
20200229,Inner Mongolia,75
20200229,Jiangsu,631
20200229,Jiangxi,935
20200229,Jilin,93
20200229,Liaoning,121
20200229,Ningxia,73
20200229,Shaanxi,245
20200229,Shandong,756
20200229,Shanghai,337
20200229,Shanxi,133
20200229,Sichuan,538
20200229,Tianjin,136
20200229,Xinjiang,76
20200229,Yunnan,174
20200229,Zhejiang,1205
20200301,Anhui,990
20200301,Beijing,413
20200301,Chongqing,576
20200301,Fujian,296
20200301,Gansu,91
20200301,Guangdong,1349
20200301,Guangxi,252
20200301,Guizhou,146
20200301,Hainan,168
20200301,Hebei,318
20200301,Heilongjiang,480
20200301,Henan,1272
20200301,Hong Kong,96
20200301,Hubei,66907
20200301,Hunan,1018
20200301,Inner Mongolia,75
20200301,Jiangsu,631
20200301,Jiangxi,935
20200301,Jilin,93
20200301,Liaoning,122
20200301,Ningxia,73
20200301,Shaanxi,245
20200301,Shandong,758
20200301,Shanghai,337
20200301,Shanxi,133
20200301,Sichuan,538
20200301,Tianjin,136
20200301,Xinjiang,76
20200301,Yunnan,174
20200301,Zhejiang,1205
20200302,Anhui,990
20200302,Beijing,414
20200302,Chongqing,576
20200302,Fujian,296
20200302,Gansu,91
20200302,Guangdong,1350
20200302,Guangxi,252
20200302,Guizhou,146
20200302,Hainan,168
20200302,Hebei,318
20200302,Heilongjiang,480
20200302,Henan,1272
20200302,Hong Kong,100
20200302,Hubei,67103
20200302,Hunan,1018
20200302,Inner Mongolia,75
20200302,Jiangsu,631
20200302,Jiangxi,935
20200302,Jilin,93
20200302,Liaoning,122
20200302,Ningxia,74
20200302,Shaanxi,245
20200302,Shandong,758
20200302,Shanghai,337
20200302,Shanxi,133
20200302,Sichuan,538
20200302,Tianjin,136
20200302,Xinjiang,76
20200302,Yunnan,174
20200302,Zhejiang,1206
20200303,Anhui,990
20200303,Beijing,414
20200303,Chongqing,576
20200303,Fujian,296
20200303,Gansu,91
20200303,Guangdong,1350
20200303,Guangxi,252
20200303,Guizhou,146
20200303,Hainan,168
20200303,Hebei,318
20200303,Heilongjiang,480
20200303,Henan,1272
20200303,Hong Kong,100
20200303,Hubei,67217
20200303,Hunan,1018
20200303,Inner Mongolia,75
20200303,Jiangsu,631
20200303,Jiangxi,935
20200303,Jilin,93
20200303,Liaoning,125
20200303,Ningxia,74
20200303,Shaanxi,245
20200303,Shandong,758
20200303,Shanghai,338
20200303,Shanxi,133
20200303,Sichuan,538
20200303,Tianjin,136
20200303,Xinjiang,76
20200303,Yunnan,174
20200303,Zhejiang,1213
20200304,Anhui,990
20200304,Beijing,418
20200304,Chongqing,576
20200304,Fujian,296
20200304,Gansu,91
20200304,Guangdong,1350
20200304,Guangxi,252
20200304,Guizhou,146
20200304,Hainan,168
20200304,Hebei,318
20200304,Heilongjiang,480
20200304,Henan,1272
20200304,Hong Kong,105
20200304,Hubei,67332
20200304,Hunan,1018
20200304,Inner Mongolia,75
20200304,Jiangsu,631
20200304,Jiangxi,935
20200304,Jilin,93
20200304,Liaoning,125
20200304,Ningxia,75
20200304,Shaanxi,245
20200304,Shandong,758
20200304,Shanghai,338
20200304,Shanxi,133
20200304,Sichuan,538
20200304,Tianjin,136
20200304,Xinjiang,76
20200304,Yunnan,174
20200304,Zhejiang,1213
20200305,Anhui,990
20200305,Beijing,418
20200305,Chongqing,576
20200305,Fujian,296
20200305,Gansu,102
20200305,Guangdong,1351
20200305,Guangxi,252
20200305,Guizhou,146
20200305,Hainan,168
20200305,Hebei,318
20200305,Heilongjiang,481
20200305,Henan,1272
20200305,Hong Kong,105
20200305,Hubei,67466
20200305,Hunan,1018
20200305,Inner Mongolia,75
20200305,Jiangsu,631
20200305,Jiangxi,935
20200305,Jilin,93
20200305,Liaoning,125
20200305,Ningxia,75
20200305,Shaanxi,245
20200305,Shandong,758
20200305,Shanghai,339
20200305,Shanxi,133
20200305,Sichuan,539
20200305,Tianjin,136
20200305,Xinjiang,76
20200305,Yunnan,174
20200305,Zhejiang,1215
20200306,Anhui,990
20200306,Beijing,422
20200306,Chongqing,576
20200306,Fujian,296
20200306,Gansu,119
20200306,Guangdong,1352
20200306,Guangxi,252
20200306,Guizhou,146
20200306,Hainan,168
20200306,Hebei,318
20200306,Heilongjiang,481
20200306,Henan,1272
20200306,Hong Kong,107
20200306,Hubei,67592
20200306,Hunan,1018
20200306,Inner Mongolia,75
20200306,Jiangsu,631
20200306,Jiangxi,935
20200306,Jilin,93
20200306,Liaoning,125
20200306,Ningxia,75
20200306,Shaanxi,245
20200306,Shandong,758
20200306,Shanghai,342
20200306,Shanxi,133
20200306,Sichuan,539
20200306,Tianjin,136
20200306,Xinjiang,76
20200306,Yunnan,174
20200306,Zhejiang,1215
20200307,Anhui,990
20200307,Beijing,426
20200307,Chongqing,576
20200307,Fujian,296
20200307,Gansu,120
20200307,Guangdong,1352
20200307,Guangxi,252
20200307,Guizhou,146
20200307,Hainan,168
20200307,Hebei,318
20200307,Heilongjiang,481
20200307,Henan,1272
20200307,Hong Kong,108
20200307,Hubei,67666
20200307,Hunan,1018
20200307,Inner Mongolia,75
20200307,Jiangsu,631
20200307,Jiangxi,935
20200307,Jilin,93
20200307,Liaoning,125
20200307,Ningxia,75
20200307,Shaanxi,245
20200307,Shandong,758
20200307,Shanghai,342
20200307,Shanxi,133
20200307,Sichuan,539
20200307,Tianjin,136
20200307,Xinjiang,76
20200307,Yunnan,174
20200307,Zhejiang,1215
20200308,Anhui,990
20200308,Beijing,428
20200308,Chongqing,576
20200308,Fujian,296
20200308,Gansu,124
20200308,Guangdong,1352
20200308,Guangxi,252
20200308,Guizhou,146
20200308,Hainan,168
20200308,Hebei,318
20200308,Heilongjiang,481
20200308,Henan,1272
20200308,Hong Kong,114
20200308,Hubei,67707
20200308,Hunan,1018
20200308,Inner Mongolia,75
20200308,Jiangsu,631
20200308,Jiangxi,935
20200308,Jilin,93
20200308,Liaoning,125
20200308,Ningxia,75
20200308,Shaanxi,245
20200308,Shandong,758
20200308,Shanghai,342
20200308,Shanxi,133
20200308,Sichuan,539
20200308,Tianjin,136
20200308,Xinjiang,76
20200308,Yunnan,174
20200308,Zhejiang,1215
20200309,Anhui,990
20200309,Beijing,428
20200309,Chongqing,576
20200309,Fujian,296
20200309,Gansu,124
20200309,Guangdong,1352
20200309,Guangxi,252
20200309,Guizhou,146
20200309,Hainan,168
20200309,Hebei,318
20200309,Heilongjiang,481
20200309,Henan,1272
20200309,Hong Kong,115
20200309,Hubei,67743
20200309,Hunan,1018
20200309,Inner Mongolia,75
20200309,Jiangsu,631
20200309,Jiangxi,935
20200309,Jilin,93
20200309,Liaoning,125
20200309,Ningxia,75
20200309,Shaanxi,245
20200309,Shandong,758
20200309,Shanghai,342
20200309,Shanxi,133
20200309,Sichuan,539
20200309,Tianjin,136
20200309,Xinjiang,76
20200309,Yunnan,174
20200309,Zhejiang,1215
20200310,Anhui,990
20200310,Beijing,429
20200310,Chongqing,576
20200310,Fujian,296
20200310,Gansu,125
20200310,Guangdong,1353
20200310,Guangxi,252
20200310,Guizhou,146
20200310,Hainan,168
20200310,Hebei,318
20200310,Heilongjiang,481
20200310,Henan,1272
20200310,Hong Kong,120
20200310,Hubei,67760
20200310,Hunan,1018
20200310,Inner Mongolia,75
20200310,Jiangsu,631
20200310,Jiangxi,935
20200310,Jilin,93
20200310,Liaoning,125
20200310,Ningxia,75
20200310,Shaanxi,245
20200310,Shandong,758
20200310,Shanghai,344
20200310,Shanxi,133
20200310,Sichuan,539
20200310,Tianjin,136
20200310,Xinjiang,76
20200310,Yunnan,174
20200310,Zhejiang,1215
20200311,Anhui,990
20200311,Beijing,435
20200311,Chongqing,576
20200311,Fujian,296
20200311,Gansu,127
20200311,Guangdong,1356
20200311,Guangxi,252
20200311,Guizhou,146
20200311,Hainan,168
20200311,Hebei,318
20200311,Heilongjiang,482
20200311,Henan,1273
20200311,Hong Kong,126
20200311,Hubei,67773
20200311,Hunan,1018
20200311,Inner Mongolia,75
20200311,Jiangsu,631
20200311,Jiangxi,935
20200311,Jilin,93
20200311,Liaoning,125
20200311,Ningxia,75
20200311,Shaanxi,245
20200311,Shandong,760
20200311,Shanghai,344
20200311,Shanxi,133
20200311,Sichuan,539
20200311,Tianjin,136
20200311,Xinjiang,76
20200311,Yunnan,174
20200311,Zhejiang,1215
20200312,Anhui,990
20200312,Beijing,435
20200312,Chongqing,576
20200312,Fujian,296
20200312,Gansu,127
20200312,Guangdong,1356
20200312,Guangxi,252
20200312,Guizhou,146
20200312,Hainan,168
20200312,Hebei,318
20200312,Heilongjiang,482
20200312,Henan,1273
20200312,Hong Kong,129
20200312,Hubei,67781
20200312,Hunan,1018
20200312,Inner Mongolia,75
20200312,Jiangsu,631
20200312,Jiangxi,935
20200312,Jilin,93
20200312,Liaoning,125
20200312,Ningxia,75
20200312,Shaanxi,245
20200312,Shandong,760
20200312,Shanghai,344
20200312,Shanxi,133
20200312,Sichuan,539
20200312,Tianjin,136
20200312,Xinjiang,76
20200312,Yunnan,174
20200312,Zhejiang,1215
20200313,Anhui,990
20200313,Beijing,436
20200313,Chongqing,576
20200313,Fujian,296
20200313,Gansu,127
20200313,Guangdong,1356
20200313,Guangxi,252
20200313,Guizhou,146
20200313,Hainan,168
20200313,Hebei,318
20200313,Heilongjiang,482
20200313,Henan,1273
20200313,Hong Kong,134
20200313,Hubei,67786
20200313,Hunan,1018
20200313,Inner Mongolia,75
20200313,Jiangsu,631
20200313,Jiangxi,935
20200313,Jilin,93
20200313,Liaoning,125
20200313,Ningxia,75
20200313,Shaanxi,245
20200313,Shandong,760
20200313,Shanghai,346
20200313,Shanxi,133
20200313,Sichuan,539
20200313,Tianjin,136
20200313,Xinjiang,76
20200313,Yunnan,174
20200313,Zhejiang,1215
20200314,Anhui,990
20200314,Beijing,437
20200314,Chongqing,576
20200314,Fujian,296
20200314,Gansu,129
20200314,Guangdong,1356
20200314,Guangxi,252
20200314,Guizhou,146
20200314,Hainan,168
20200314,Hebei,318
20200314,Heilongjiang,482
20200314,Henan,1273
20200314,Hong Kong,140
20200314,Hubei,67790
20200314,Hunan,1018
20200314,Inner Mongolia,75
20200314,Jiangsu,631
20200314,Jiangxi,935
20200314,Jilin,93
20200314,Liaoning,125
20200314,Ningxia,75
20200314,Shaanxi,245
20200314,Shandong,760
20200314,Shanghai,353
20200314,Shanxi,133
20200314,Sichuan,539
20200314,Tianjin,136
20200314,Xinjiang,76
20200314,Yunnan,174
20200314,Zhejiang,1227
20200315,Anhui,990
20200315,Beijing,442
20200315,Chongqing,576
20200315,Fujian,296
20200315,Gansu,133
20200315,Guangdong,1360
20200315,Guangxi,252
20200315,Guizhou,146
20200315,Hainan,168
20200315,Hebei,318
20200315,Heilongjiang,482
20200315,Henan,1273
20200315,Hong Kong,145
20200315,Hubei,67794
20200315,Hunan,1018
20200315,Inner Mongolia,75
20200315,Jiangsu,631
20200315,Jiangxi,935
20200315,Jilin,93
20200315,Liaoning,125
20200315,Ningxia,75
20200315,Shaanxi,245
20200315,Shandong,760
20200315,Shanghai,353
20200315,Shanxi,133
20200315,Sichuan,539
20200315,Tianjin,136
20200315,Xinjiang,76
20200315,Yunnan,174
20200315,Zhejiang,1231
20200316,Anhui,990
20200316,Beijing,452
20200316,Chongqing,576
20200316,Fujian,296
20200316,Gansu,133
20200316,Guangdong,1361
20200316,Guangxi,252
20200316,Guizhou,146
20200316,Hainan,168
20200316,Hebei,318
20200316,Heilongjiang,482
20200316,Henan,1273
20200316,Hong Kong,155
20200316,Hubei,67798
20200316,Hunan,1018
20200316,Inner Mongolia,75
20200316,Jiangsu,631
20200316,Jiangxi,935
20200316,Jilin,93
20200316,Liaoning,125
20200316,Ningxia,75
20200316,Shaanxi,245
20200316,Shandong,760
20200316,Shanghai,355
20200316,Shanxi,133
20200316,Sichuan,539
20200316,Tianjin,136
20200316,Xinjiang,76
20200316,Yunnan,176
20200316,Zhejiang,1231
20200317,Anhui,990
20200317,Beijing,456
20200317,Chongqing,576
20200317,Fujian,296
20200317,Gansu,133
20200317,Guangdong,1364
20200317,Guangxi,253
20200317,Guizhou,147
20200317,Hainan,168
20200317,Hebei,318
20200317,Heilongjiang,482
20200317,Henan,1273
20200317,Hong Kong,162
20200317,Hubei,67799
20200317,Hunan,1018
20200317,Inner Mongolia,75
20200317,Jiangsu,631
20200317,Jiangxi,935
20200317,Jilin,93
20200317,Liaoning,125
20200317,Ningxia,75
20200317,Shaanxi,246
20200317,Shandong,761
20200317,Shanghai,358
20200317,Shanxi,133
20200317,Sichuan,540
20200317,Tianjin,136
20200317,Xinjiang,76
20200317,Yunnan,176
20200317,Zhejiang,1232
20200318,Anhui,990
20200318,Beijing,469
20200318,Chongqing,576
20200318,Fujian,296
20200318,Gansu,133
20200318,Guangdong,1370
20200318,Guangxi,253
20200318,Guizhou,146
20200318,Hainan,168
20200318,Hebei,318
20200318,Heilongjiang,482
20200318,Henan,1273
20200318,Hong Kong,181
20200318,Hubei,67800
20200318,Hunan,1018
20200318,Inner Mongolia,75
20200318,Jiangsu,631
20200318,Jiangxi,935
20200318,Jilin,93
20200318,Liaoning,125
20200318,Ningxia,75
20200318,Shaanxi,246
20200318,Shandong,761
20200318,Shanghai,361
20200318,Shanxi,133
20200318,Sichuan,540
20200318,Tianjin,136
20200318,Xinjiang,76
20200318,Yunnan,176
20200318,Zhejiang,1232
20200319,Anhui,990
20200319,Beijing,480
20200319,Chongqing,576
20200319,Fujian,296
20200319,Gansu,134
20200319,Guangdong,1378
20200319,Guangxi,253
20200319,Guizhou,146
20200319,Hainan,168
20200319,Hebei,318
20200319,Heilongjiang,483
20200319,Henan,1273
20200319,Hong Kong,208
20200319,Hubei,67800
20200319,Hunan,1018
20200319,Inner Mongolia,75
20200319,Jiangsu,631
20200319,Jiangxi,935
20200319,Jilin,93
20200319,Liaoning,125
20200319,Ningxia,75
20200319,Shaanxi,246
20200319,Shandong,761
20200319,Shanghai,363
20200319,Shanxi,133
20200319,Sichuan,540
20200319,Tianjin,137
20200319,Xinjiang,76
20200319,Yunnan,176
20200319,Zhejiang,1233
20200320,Anhui,990
20200320,Beijing,491
20200320,Chongqing,576
20200320,Fujian,299
20200320,Gansu,134
20200320,Guangdong,1395
20200320,Guangxi,254
20200320,Guizhou,146
20200320,Hainan,168
20200320,Hebei,318
20200320,Heilongjiang,484
20200320,Henan,1273
20200320,Hong Kong,256
20200320,Hubei,67800
20200320,Hunan,1018
20200320,Inner Mongolia,75
20200320,Jiangsu,631
20200320,Jiangxi,935
20200320,Jilin,93
20200320,Liaoning,126
20200320,Ningxia,75
20200320,Shaanxi,247
20200320,Shandong,762
20200320,Shanghai,371
20200320,Shanxi,133
20200320,Sichuan,541
20200320,Tianjin,137
20200320,Xinjiang,76
20200320,Yunnan,176
20200320,Zhejiang,1234
20200321,Anhui,990
20200321,Beijing,504
20200321,Chongqing,576
20200321,Fujian,303
20200321,Gansu,134
20200321,Guangdong,1400
20200321,Guangxi,254
20200321,Guizhou,146
20200321,Hainan,168
20200321,Hebei,318
20200321,Heilongjiang,484
20200321,Henan,1273
20200321,Hong Kong,273
20200321,Hubei,67800
20200321,Hunan,1018
20200321,Inner Mongolia,75
20200321,Jiangsu,631
20200321,Jiangxi,935
20200321,Jilin,93
20200321,Liaoning,126
20200321,Ningxia,75
20200321,Shaanxi,248
20200321,Shandong,764
20200321,Shanghai,380
20200321,Shanxi,133
20200321,Sichuan,542
20200321,Tianjin,137
20200321,Xinjiang,76
20200321,Yunnan,176
20200321,Zhejiang,1236
20200322,Anhui,990
20200322,Beijing,522
20200322,Chongqing,577
20200322,Fujian,313
20200322,Gansu,136
20200322,Guangdong,1413
20200322,Guangxi,254
20200322,Guizhou,146
20200322,Hainan,168
20200322,Hebei,319
20200322,Heilongjiang,484
20200322,Henan,1274
20200322,Hong Kong,317
20200322,Hubei,67800
20200322,Hunan,1018
20200322,Inner Mongolia,75
20200322,Jiangsu,633
20200322,Jiangxi,936
20200322,Jilin,93
20200322,Liaoning,127
20200322,Ningxia,75
20200322,Shaanxi,248
20200322,Shandong,767
20200322,Shanghai,404
20200322,Shanxi,133
20200322,Sichuan,543
20200322,Tianjin,137
20200322,Xinjiang,76
20200322,Yunnan,176
20200322,Zhejiang,1238
20200323,Anhui,990
20200323,Beijing,537
20200323,Chongqing,578
20200323,Fujian,313
20200323,Gansu,136
20200323,Guangdong,1415
20200323,Guangxi,254
20200323,Guizhou,146
20200323,Hainan,168
20200323,Hebei,319
20200323,Heilongjiang,484
20200323,Henan,1274
20200323,Hong Kong,356
20200323,Hubei,67800
20200323,Hunan,1018
20200323,Inner Mongolia,75
20200323,Jiangsu,633
20200323,Jiangxi,936
20200323,Jilin,93
20200323,Liaoning,127
20200323,Ningxia,75
20200323,Shaanxi,248
20200323,Shandong,768
20200323,Shanghai,404
20200323,Shanxi,134
20200323,Sichuan,543
20200323,Tianjin,141
20200323,Xinjiang,76
20200323,Yunnan,176
20200323,Zhejiang,1238
20200324,Anhui,990
20200324,Beijing,558
20200324,Chongqing,578
20200324,Fujian,318
20200324,Gansu,136
20200324,Guangdong,1428
20200324,Guangxi,254
20200324,Guizhou,146
20200324,Hainan,168
20200324,Hebei,319
20200324,Heilongjiang,484
20200324,Henan,1274
20200324,Hong Kong,386
20200324,Hubei,67801
20200324,Hunan,1018
20200324,Inner Mongolia,75
20200324,Jiangsu,636
20200324,Jiangxi,936
20200324,Jilin,93
20200324,Liaoning,127
20200324,Ningxia,75
20200324,Shaanxi,249
20200324,Shandong,768
20200324,Shanghai,414
20200324,Shanxi,134
20200324,Sichuan,545
20200324,Tianjin,145
20200324,Xinjiang,76
20200324,Yunnan,176
20200324,Zhejiang,1240
20200325,Anhui,990
20200325,Beijing,561
20200325,Chongqing,578
20200325,Fujian,322
20200325,Gansu,136
20200325,Guangdong,1433
20200325,Guangxi,254
20200325,Guizhou,146
20200325,Hainan,168
20200325,Hebei,319
20200325,Heilongjiang,484
20200325,Henan,1274
20200325,Hong Kong,410
20200325,Hubei,67801
20200325,Hunan,1018
20200325,Inner Mongolia,77
20200325,Jiangsu,638
20200325,Jiangxi,936
20200325,Jilin,94
20200325,Liaoning,127
20200325,Ningxia,75
20200325,Shaanxi,250
20200325,Shandong,769
20200325,Shanghai,433
20200325,Shanxi,134
20200325,Sichuan,547
20200325,Tianjin,145
20200325,Xinjiang,76
20200325,Yunnan,176
20200325,Zhejiang,1241
20200326,Anhui,990
20200326,Beijing,566
20200326,Chongqing,578
20200326,Fujian,328
20200326,Gansu,136
20200326,Guangdong,1448
20200326,Guangxi,254
20200326,Guizhou,146
20200326,Hainan,168
20200326,Hebei,319
20200326,Heilongjiang,484
20200326,Henan,1275
20200326,Hong Kong,453
20200326,Hubei,67801
20200326,Hunan,1018
20200326,Inner Mongolia,89
20200326,Jiangsu,640
20200326,Jiangxi,936
20200326,Jilin,95
20200326,Liaoning,128
20200326,Ningxia,75
20200326,Shaanxi,253
20200326,Shandong,771
20200326,Shanghai,451
20200326,Shanxi,135
20200326,Sichuan,547
20200326,Tianjin,151
20200326,Xinjiang,76
20200326,Yunnan,178
20200326,Zhejiang,1243
20200327,Anhui,990
20200327,Beijing,569
20200327,Chongqing,578
20200327,Fujian,331
20200327,Gansu,136
20200327,Guangdong,1456
20200327,Guangxi,254
20200327,Guizhou,146
20200327,Hainan,168
20200327,Hebei,319
20200327,Heilongjiang,484
20200327,Henan,1275
20200327,Hong Kong,519
20200327,Hubei,67801
20200327,Hunan,1018
20200327,Inner Mongolia,92
20200327,Jiangsu,641
20200327,Jiangxi,936
20200327,Jilin,95
20200327,Liaoning,128
20200327,Ningxia,75
20200327,Shaanxi,253
20200327,Shandong,772
20200327,Shanghai,468
20200327,Shanxi,135
20200327,Sichuan,548
20200327,Tianjin,155
20200327,Xinjiang,76
20200327,Yunnan,180
20200327,Zhejiang,1247
20200328,Anhui,990
20200328,Beijing,573
20200328,Chongqing,578
20200328,Fujian,337
20200328,Gansu,136
20200328,Guangdong,1467
20200328,Guangxi,254
20200328,Guizhou,146
20200328,Hainan,168
20200328,Hebei,319
20200328,Heilongjiang,484
20200328,Henan,1275
20200328,Hong Kong,561
20200328,Hubei,67801
20200328,Hunan,1018
20200328,Inner Mongolia,94
20200328,Jiangsu,641
20200328,Jiangxi,936
20200328,Jilin,97
20200328,Liaoning,132
20200328,Ningxia,75
20200328,Shaanxi,253
20200328,Shandong,772
20200328,Shanghai,485
20200328,Shanxi,135
20200328,Sichuan,548
20200328,Tianjin,161
20200328,Xinjiang,76
20200328,Yunnan,180
20200328,Zhejiang,1251
20200329,Anhui,990
20200329,Beijing,577
20200329,Chongqing,579
20200329,Fujian,338
20200329,Gansu,138
20200329,Guangdong,1475
20200329,Guangxi,254
20200329,Guizhou,146
20200329,Hainan,168
20200329,Hebei,319
20200329,Heilongjiang,484
20200329,Henan,1276
20200329,Hong Kong,641
20200329,Hubei,67801
20200329,Hunan,1018
20200329,Inner Mongolia,95
20200329,Jiangsu,644
20200329,Jiangxi,937
20200329,Jilin,98
20200329,Liaoning,134
20200329,Ningxia,75
20200329,Shaanxi,253
20200329,Shandong,772
20200329,Shanghai,492
20200329,Shanxi,136
20200329,Sichuan,550
20200329,Tianjin,166
20200329,Xinjiang,76
20200329,Yunnan,180
20200329,Zhejiang,1254
20200330,Anhui,990
20200330,Beijing,577
20200330,Chongqing,579
20200330,Fujian,340
20200330,Gansu,138
20200330,Guangdong,1484
20200330,Guangxi,254
20200330,Guizhou,146
20200330,Hainan,168
20200330,Hebei,321
20200330,Heilongjiang,484
20200330,Henan,1276
20200330,Hong Kong,682
20200330,Hubei,67801
20200330,Hunan,1018
20200330,Inner Mongolia,97
20200330,Jiangsu,645
20200330,Jiangxi,937
20200330,Jilin,98
20200330,Liaoning,136
20200330,Ningxia,75
20200330,Shaanxi,253
20200330,Shandong,773
20200330,Shanghai,498
20200330,Shanxi,136
20200330,Sichuan,550
20200330,Tianjin,174
20200330,Xinjiang,76
20200330,Yunnan,180
20200330,Zhejiang,1255
20200331,Anhui,990
20200331,Beijing,580
20200331,Chongqing,579
20200331,Fujian,343
20200331,Gansu,138
20200331,Guangdong,1494
20200331,Guangxi,254
20200331,Guizhou,146
20200331,Hainan,168
20200331,Hebei,321
20200331,Heilongjiang,484
20200331,Henan,1276
20200331,Hong Kong,714
20200331,Hubei,67801
20200331,Hunan,1018
20200331,Inner Mongolia,107
20200331,Jiangsu,646
20200331,Jiangxi,937
20200331,Jilin,98
20200331,Liaoning,139
20200331,Ningxia,75
20200331,Shaanxi,253
20200331,Shandong,774
20200331,Shanghai,509
20200331,Shanxi,136
20200331,Sichuan,550
20200331,Tianjin,174
20200331,Xinjiang,76
20200331,Yunnan,182
20200331,Zhejiang,1257
20200401,Anhui,990
20200401,Beijing,580
20200401,Chongqing,579
20200401,Fujian,345
20200401,Gansu,138
20200401,Guangdong,1501
20200401,Guangxi,254
20200401,Guizhou,146
20200401,Hainan,168
20200401,Hebei,323
20200401,Heilongjiang,484
20200401,Henan,1276
20200401,Hong Kong,765
20200401,Hubei,67802
20200401,Hunan,1018
20200401,Inner Mongolia,111
20200401,Jiangsu,646
20200401,Jiangxi,937
20200401,Jilin,98
20200401,Liaoning,140
20200401,Ningxia,75
20200401,Shaanxi,255
20200401,Shandong,774
20200401,Shanghai,516
20200401,Shanxi,137
20200401,Sichuan,552
20200401,Tianjin,176
20200401,Xinjiang,76
20200401,Yunnan,182
20200401,Zhejiang,1257
20200402,Anhui,990
20200402,Beijing,582
20200402,Chongqing,579
20200402,Fujian,345
20200402,Gansu,138
20200402,Guangdong,1507
20200402,Guangxi,254
20200402,Guizhou,146
20200402,Hainan,168
20200402,Hebei,325
20200402,Heilongjiang,488
20200402,Henan,1276
20200402,Hong Kong,802
20200402,Hubei,67802
20200402,Hunan,1019
20200402,Inner Mongolia,117
20200402,Jiangsu,647
20200402,Jiangxi,937
20200402,Jilin,98
20200402,Liaoning,141
20200402,Ningxia,75
20200402,Shaanxi,255
20200402,Shandong,775
20200402,Shanghai,522
20200402,Shanxi,137
20200402,Sichuan,554
20200402,Tianjin,176
20200402,Xinjiang,76
20200402,Yunnan,183
20200402,Zhejiang,1258
20200403,Anhui,990
20200403,Beijing,584
20200403,Chongqing,579
20200403,Fujian,349
20200403,Gansu,138
20200403,Guangdong,1514
20200403,Guangxi,254
20200403,Guizhou,146
20200403,Hainan,168
20200403,Hebei,326
20200403,Heilongjiang,489
20200403,Henan,1276
20200403,Hong Kong,845
20200403,Hubei,67802
20200403,Hunan,1019
20200403,Inner Mongolia,117
20200403,Jiangsu,651
20200403,Jiangxi,937
20200403,Jilin,98
20200403,Liaoning,141
20200403,Ningxia,75
20200403,Shaanxi,255
20200403,Shandong,778
20200403,Shanghai,526
20200403,Shanxi,137
20200403,Sichuan,555
20200403,Tianjin,180
20200403,Xinjiang,76
20200403,Yunnan,184
20200403,Zhejiang,1260
20200404,Anhui,990
20200404,Beijing,585
20200404,Chongqing,579
20200404,Fujian,350
20200404,Gansu,138
20200404,Guangdong,1516
20200404,Guangxi,254
20200404,Guizhou,146
20200404,Hainan,168
20200404,Hebei,326
20200404,Heilongjiang,491
20200404,Henan,1276
20200404,Hong Kong,862
20200404,Hubei,67803
20200404,Hunan,1019
20200404,Inner Mongolia,117
20200404,Jiangsu,651
20200404,Jiangxi,937
20200404,Jilin,98
20200404,Liaoning,141
20200404,Ningxia,75
20200404,Shaanxi,256
20200404,Shandong,778
20200404,Shanghai,529
20200404,Shanxi,137
20200404,Sichuan,557
20200404,Tianjin,180
20200404,Xinjiang,76
20200404,Yunnan,184
20200404,Zhejiang,1262
20200405,Anhui,990
20200405,Beijing,586
20200405,Chongqing,579
20200405,Fujian,350
20200405,Gansu,138
20200405,Guangdong,1524
20200405,Guangxi,254
20200405,Guizhou,146
20200405,Hainan,168
20200405,Hebei,327
20200405,Heilongjiang,504
20200405,Henan,1276
20200405,Hong Kong,890
20200405,Hubei,67803
20200405,Hunan,1019
20200405,Inner Mongolia,117
20200405,Jiangsu,651
20200405,Jiangxi,937
20200405,Jilin,98
20200405,Liaoning,142
20200405,Ningxia,75
20200405,Shaanxi,256
20200405,Shandong,779
20200405,Shanghai,531
20200405,Shanxi,138
20200405,Sichuan,558
20200405,Tianjin,180
20200405,Xinjiang,76
20200405,Yunnan,184
20200405,Zhejiang,1263
20200406,Anhui,990
20200406,Beijing,587
20200406,Chongqing,579
20200406,Fujian,350
20200406,Gansu,139
20200406,Guangdong,1532
20200406,Guangxi,254
20200406,Guizhou,146
20200406,Hainan,168
20200406,Hebei,327
20200406,Heilongjiang,524
20200406,Henan,1276
20200406,Hong Kong,914
20200406,Hubei,67803
20200406,Hunan,1019
20200406,Inner Mongolia,118
20200406,Jiangsu,651
20200406,Jiangxi,937
20200406,Jilin,98
20200406,Liaoning,142
20200406,Ningxia,75
20200406,Shaanxi,256
20200406,Shandong,780
20200406,Shanghai,536
20200406,Shanxi,138
20200406,Sichuan,559
20200406,Tianjin,180
20200406,Xinjiang,76
20200406,Yunnan,184
20200406,Zhejiang,1264
20200407,Anhui,990
20200407,Beijing,587
20200407,Chongqing,579
20200407,Fujian,351
20200407,Gansu,139
20200407,Guangdong,1533
20200407,Guangxi,254
20200407,Guizhou,146
20200407,Hainan,168
20200407,Hebei,327
20200407,Heilongjiang,544
20200407,Henan,1276
20200407,Hong Kong,935
20200407,Hubei,67803
20200407,Hunan,1019
20200407,Inner Mongolia,121
20200407,Jiangsu,651
20200407,Jiangxi,937
20200407,Jilin,98
20200407,Liaoning,144
20200407,Ningxia,75
20200407,Shaanxi,256
20200407,Shandong,781
20200407,Shanghai,538
20200407,Shanxi,138
20200407,Sichuan,560
20200407,Tianjin,180
20200407,Xinjiang,76
20200407,Yunnan,184
20200407,Zhejiang,1265
20200408,Anhui,990
20200408,Beijing,588
20200408,Chongqing,579
20200408,Fujian,351
20200408,Gansu,139
20200408,Guangdong,1536
20200408,Guangxi,254
20200408,Guizhou,146
20200408,Hainan,168
20200408,Hebei,327
20200408,Heilongjiang,569
20200408,Henan,1276
20200408,Hong Kong,960
20200408,Hubei,67803
20200408,Hunan,1019
20200408,Inner Mongolia,124
20200408,Jiangsu,651
20200408,Jiangxi,937
20200408,Jilin,98
20200408,Liaoning,144
20200408,Ningxia,75
20200408,Shaanxi,256
20200408,Shandong,783
20200408,Shanghai,543
20200408,Shanxi,163
20200408,Sichuan,560
20200408,Tianjin,180
20200408,Xinjiang,76
20200408,Yunnan,184
20200408,Zhejiang,1266
20200409,Anhui,991
20200409,Beijing,588
20200409,Chongqing,579
20200409,Fujian,351
20200409,Gansu,139
20200409,Guangdong,1539
20200409,Guangxi,254
20200409,Guizhou,146
20200409,Hainan,168
20200409,Hebei,327
20200409,Heilongjiang,609
20200409,Henan,1276
20200409,Hong Kong,973
20200409,Hubei,67803
20200409,Hunan,1019
20200409,Inner Mongolia,126
20200409,Jiangsu,651
20200409,Jiangxi,937
20200409,Jilin,98
20200409,Liaoning,144
20200409,Ningxia,75
20200409,Shaanxi,256
20200409,Shandong,783
20200409,Shanghai,552
20200409,Shanxi,166
20200409,Sichuan,560
20200409,Tianjin,182
20200409,Xinjiang,76
20200409,Yunnan,184
20200409,Zhejiang,1267
20200410,Anhui,991
20200410,Beijing,588
20200410,Chongqing,579
20200410,Fujian,351
20200410,Gansu,139
20200410,Guangdong,1544
20200410,Guangxi,254
20200410,Guizhou,146
20200410,Hainan,168
20200410,Hebei,327
20200410,Heilongjiang,638
20200410,Henan,1276
20200410,Hong Kong,989
20200410,Hubei,67803
20200410,Hunan,1019
20200410,Inner Mongolia,128
20200410,Jiangsu,651
20200410,Jiangxi,937
20200410,Jilin,98
20200410,Liaoning,144
20200410,Ningxia,75
20200410,Shaanxi,256
20200410,Shandong,783
20200410,Shanghai,555
20200410,Shanxi,168
20200410,Sichuan,560
20200410,Tianjin,183
20200410,Xinjiang,76
20200410,Yunnan,184
20200410,Zhejiang,1267
20200411,Anhui,991
20200411,Beijing,589
20200411,Chongqing,579
20200411,Fujian,351
20200411,Gansu,139
20200411,Guangdong,1548
20200411,Guangxi,254
20200411,Guizhou,146
20200411,Hainan,168
20200411,Hebei,327
20200411,Heilongjiang,661
20200411,Henan,1276
20200411,Hong Kong,1000
20200411,Hubei,67803
20200411,Hunan,1019
20200411,Inner Mongolia,155
20200411,Jiangsu,652
20200411,Jiangxi,937
20200411,Jilin,98
20200411,Liaoning,145
20200411,Ningxia,75
20200411,Shaanxi,256
20200411,Shandong,784
20200411,Shanghai,555
20200411,Shanxi,172
20200411,Sichuan,560
20200411,Tianjin,183
20200411,Xinjiang,76
20200411,Yunnan,184
20200411,Zhejiang,1267
20200412,Anhui,991
20200412,Beijing,589
20200412,Chongqing,579
20200412,Fujian,352
20200412,Gansu,139
20200412,Guangdong,1552
20200412,Guangxi,254
20200412,Guizhou,146
20200412,Hainan,168
20200412,Hebei,327
20200412,Heilongjiang,684
20200412,Henan,1276
20200412,Hong Kong,1004
20200412,Hubei,67803
20200412,Hunan,1019
20200412,Inner Mongolia,189
20200412,Jiangsu,653
20200412,Jiangxi,937
20200412,Jilin,99
20200412,Liaoning,145
20200412,Ningxia,75
20200412,Shaanxi,256
20200412,Shandong,784
20200412,Shanghai,607
20200412,Shanxi,172
20200412,Sichuan,560
20200412,Tianjin,183
20200412,Xinjiang,76
20200412,Yunnan,184
20200412,Zhejiang,1267
20200413,Anhui,991
20200413,Beijing,589
20200413,Chongqing,579
20200413,Fujian,352
20200413,Gansu,139
20200413,Guangdong,1555
20200413,Guangxi,254
20200413,Guizhou,146
20200413,Hainan,168
20200413,Hebei,327
20200413,Heilongjiang,740
20200413,Henan,1276
20200413,Hong Kong,1009
20200413,Hubei,67803
20200413,Hunan,1019
20200413,Inner Mongolia,190
20200413,Jiangsu,653
20200413,Jiangxi,937
20200413,Jilin,100
20200413,Liaoning,145
20200413,Ningxia,75
20200413,Shaanxi,256
20200413,Shandong,784
20200413,Shanghai,618
20200413,Shanxi,173
20200413,Sichuan,560
20200413,Tianjin,184
20200413,Xinjiang,76
20200413,Yunnan,184
20200413,Zhejiang,1267
20200414,Anhui,991
20200414,Beijing,589
20200414,Chongqing,579
20200414,Fujian,353
20200414,Gansu,139
20200414,Guangdong,1564
20200414,Guangxi,254
20200414,Guizhou,146
20200414,Hainan,168
20200414,Hebei,327
20200414,Heilongjiang,819
20200414,Henan,1276
20200414,Hong Kong,1012
20200414,Hubei,67803
20200414,Hunan,1019
20200414,Inner Mongolia,190
20200414,Jiangsu,653
20200414,Jiangxi,937
20200414,Jilin,100
20200414,Liaoning,145
20200414,Ningxia,75
20200414,Shaanxi,256
20200414,Shandong,784
20200414,Shanghai,618
20200414,Shanxi,173
20200414,Sichuan,560
20200414,Tianjin,185
20200414,Xinjiang,76
20200414,Yunnan,184
20200414,Zhejiang,1267
20200415,Anhui,991
20200415,Beijing,590
20200415,Chongqing,579
20200415,Fujian,353
20200415,Gansu,139
20200415,Guangdong,1566
20200415,Guangxi,254
20200415,Guizhou,146
20200415,Hainan,168
20200415,Hebei,327
20200415,Heilongjiang,841
20200415,Henan,1276
20200415,Hong Kong,1017
20200415,Hubei,67803
20200415,Hunan,1019
20200415,Inner Mongolia,190
20200415,Jiangsu,653
20200415,Jiangxi,937
20200415,Jilin,102
20200415,Liaoning,145
20200415,Ningxia,75
20200415,Shaanxi,256
20200415,Shandong,784
20200415,Shanghai,622
20200415,Shanxi,186
20200415,Sichuan,560
20200415,Tianjin,185
20200415,Xinjiang,76
20200415,Yunnan,184
20200415,Zhejiang,1268
20200416,Anhui,991
20200416,Beijing,593
20200416,Chongqing,579
20200416,Fujian,353
20200416,Gansu,139
20200416,Guangdong,1571
20200416,Guangxi,254
20200416,Guizhou,146
20200416,Hainan,168
20200416,Hebei,328
20200416,Heilongjiang,861
20200416,Henan,1276
20200416,Hong Kong,1017
20200416,Hubei,67803
20200416,Hunan,1019
20200416,Inner Mongolia,193
20200416,Jiangsu,653
20200416,Jiangxi,937
20200416,Jilin,102
20200416,Liaoning,145
20200416,Ningxia,75
20200416,Shaanxi,256
20200416,Shandong,784
20200416,Shanghai,628
20200416,Shanxi,194
20200416,Sichuan,560
20200416,Tianjin,186
20200416,Xinjiang,76
20200416,Yunnan,184
20200416,Zhejiang,1268
20200417,Anhui,991
20200417,Beijing,593
20200417,Chongqing,579
20200417,Fujian,354
20200417,Gansu,139
20200417,Guangdong,1577
20200417,Guangxi,254
20200417,Guizhou,146
20200417,Hainan,168
20200417,Hebei,328
20200417,Heilongjiang,872
20200417,Henan,1276
20200417,Hong Kong,1021
20200417,Hubei,68128
20200417,Hunan,1019
20200417,Inner Mongolia,193
20200417,Jiangsu,653
20200417,Jiangxi,937
20200417,Jilin,102
20200417,Liaoning,146
20200417,Ningxia,75
20200417,Shaanxi,256
20200417,Shandong,787
20200417,Shanghai,628
20200417,Shanxi,197
20200417,Sichuan,560
20200417,Tianjin,189
20200417,Xinjiang,76
20200417,Yunnan,184
20200417,Zhejiang,1268
20200418,Anhui,991
20200418,Beijing,593
20200418,Chongqing,579
20200418,Fujian,355
20200418,Gansu,139
20200418,Guangdong,1579
20200418,Guangxi,254
20200418,Guizhou,146
20200418,Hainan,168
20200418,Hebei,328
20200418,Heilongjiang,892
20200418,Henan,1276
20200418,Hong Kong,1024
20200418,Hubei,68128
20200418,Hunan,1019
20200418,Inner Mongolia,193
20200418,Jiangsu,653
20200418,Jiangxi,937
20200418,Jilin,102
20200418,Liaoning,146
20200418,Ningxia,75
20200418,Shaanxi,256
20200418,Shandong,787
20200418,Shanghai,628
20200418,Shanxi,197
20200418,Sichuan,561
20200418,Tianjin,189
20200418,Xinjiang,76
20200418,Yunnan,184
20200418,Zhejiang,1268
20200419,Anhui,991
20200419,Beijing,593
20200419,Chongqing,579
20200419,Fujian,355
20200419,Gansu,139
20200419,Guangdong,1580
20200419,Guangxi,254
20200419,Guizhou,147
20200419,Hainan,168
20200419,Hebei,328
20200419,Heilongjiang,898
20200419,Henan,1276
20200419,Hong Kong,1025
20200419,Hubei,68128
20200419,Hunan,1019
20200419,Inner Mongolia,193
20200419,Jiangsu,653
20200419,Jiangxi,937
20200419,Jilin,104
20200419,Liaoning,146
20200419,Ningxia,75
20200419,Shaanxi,256
20200419,Shandong,787
20200419,Shanghai,635
20200419,Shanxi,197
20200419,Sichuan,561
20200419,Tianjin,189
20200419,Xinjiang,76
20200419,Yunnan,184
20200419,Zhejiang,1268
20200420,Anhui,991
20200420,Beijing,593
20200420,Chongqing,579
20200420,Fujian,355
20200420,Gansu,139
20200420,Guangdong,1581
20200420,Guangxi,254
20200420,Guizhou,147
20200420,Hainan,168
20200420,Hebei,328
20200420,Heilongjiang,905
20200420,Henan,1276
20200420,Hong Kong,1025
20200420,Hubei,68128
20200420,Hunan,1019
20200420,Inner Mongolia,194
20200420,Jiangsu,653
20200420,Jiangxi,937
20200420,Jilin,104
20200420,Liaoning,146
20200420,Ningxia,75
20200420,Shaanxi,256
20200420,Shandong,787
20200420,Shanghai,638
20200420,Shanxi,197
20200420,Sichuan,561
20200420,Tianjin,189
20200420,Xinjiang,76
20200420,Yunnan,184
20200420,Zhejiang,1268
20200421,Anhui,991
20200421,Beijing,593
20200421,Chongqing,579
20200421,Fujian,355
20200421,Gansu,139
20200421,Guangdong,1582
20200421,Guangxi,254
20200421,Guizhou,147
20200421,Hainan,168
20200421,Hebei,328
20200421,Heilongjiang,913
20200421,Henan,1276
20200421,Hong Kong,1029
20200421,Hubei,68128
20200421,Hunan,1019
20200421,Inner Mongolia,194
20200421,Jiangsu,653
20200421,Jiangxi,937
20200421,Jilin,106
20200421,Liaoning,146
20200421,Ningxia,75
20200421,Shaanxi,277
20200421,Shandong,787
20200421,Shanghai,638
20200421,Shanxi,197
20200421,Sichuan,561
20200421,Tianjin,189
20200421,Xinjiang,76
20200421,Yunnan,184
20200421,Zhejiang,1268
20200422,Anhui,991
20200422,Beijing,593
20200422,Chongqing,579
20200422,Fujian,355
20200422,Gansu,139
20200422,Guangdong,1582
20200422,Guangxi,254
20200422,Guizhou,147
20200422,Hainan,168
20200422,Hebei,328
20200422,Heilongjiang,921
20200422,Henan,1276
20200422,Hong Kong,1033
20200422,Hubei,68128
20200422,Hunan,1019
20200422,Inner Mongolia,194
20200422,Jiangsu,653
20200422,Jiangxi,937
20200422,Jilin,106
20200422,Liaoning,146
20200422,Ningxia,75
20200422,Shaanxi,279
20200422,Shandong,787
20200422,Shanghai,639
20200422,Shanxi,197
20200422,Sichuan,561
20200422,Tianjin,189
20200422,Xinjiang,76
20200422,Yunnan,184
20200422,Zhejiang,1268
20200423,Anhui,991
20200423,Beijing,593
20200423,Chongqing,579
20200423,Fujian,355
20200423,Gansu,139
20200423,Guangdong,1585
20200423,Guangxi,254
20200423,Guizhou,147
20200423,Hainan,168
20200423,Hebei,328
20200423,Heilongjiang,928
20200423,Henan,1276
20200423,Hong Kong,1035
20200423,Hubei,68128
20200423,Hunan,1019
20200423,Inner Mongolia,194
20200423,Jiangsu,653
20200423,Jiangxi,937
20200423,Jilin,108
20200423,Liaoning,146
20200423,Ningxia,75
20200423,Shaanxi,279
20200423,Shandong,787
20200423,Shanghai,641
20200423,Shanxi,197
20200423,Sichuan,561
20200423,Tianjin,189
20200423,Xinjiang,76
20200423,Yunnan,184
20200423,Zhejiang,1268
20200424,Anhui,991
20200424,Beijing,593
20200424,Chongqing,579
20200424,Fujian,355
20200424,Gansu,139
20200424,Guangdong,1585
20200424,Guangxi,254
20200424,Guizhou,147
20200424,Hainan,168
20200424,Hebei,328
20200424,Heilongjiang,930
20200424,Henan,1276
20200424,Hong Kong,1035
20200424,Hubei,68128
20200424,Hunan,1019
20200424,Inner Mongolia,197
20200424,Jiangsu,653
20200424,Jiangxi,937
20200424,Jilin,109
20200424,Liaoning,146
20200424,Ningxia,75
20200424,Shaanxi,286
20200424,Shandong,787
20200424,Shanghai,641
20200424,Shanxi,197
20200424,Sichuan,561
20200424,Tianjin,190
20200424,Xinjiang,76
20200424,Yunnan,185
20200424,Zhejiang,1268
20200425,Anhui,991
20200425,Beijing,593
20200425,Chongqing,579
20200425,Fujian,355
20200425,Gansu,139
20200425,Guangdong,1586
20200425,Guangxi,254
20200425,Guizhou,147
20200425,Hainan,168
20200425,Hebei,328
20200425,Heilongjiang,935
20200425,Henan,1276
20200425,Hong Kong,1037
20200425,Hubei,68128
20200425,Hunan,1019
20200425,Inner Mongolia,198
20200425,Jiangsu,653
20200425,Jiangxi,937
20200425,Jilin,109
20200425,Liaoning,146
20200425,Ningxia,75
20200425,Shaanxi,286
20200425,Shandong,787
20200425,Shanghai,642
20200425,Shanxi,197
20200425,Sichuan,561
20200425,Tianjin,190
20200425,Xinjiang,76
20200425,Yunnan,185
20200425,Zhejiang,1268
20200426,Anhui,991
20200426,Beijing,593
20200426,Chongqing,579
20200426,Fujian,355
20200426,Gansu,139
20200426,Guangdong,1587
20200426,Guangxi,254
20200426,Guizhou,147
20200426,Hainan,168
20200426,Hebei,328
20200426,Heilongjiang,936
20200426,Henan,1276
20200426,Hong Kong,1037
20200426,Hubei,68128
20200426,Hunan,1019
20200426,Inner Mongolia,198
20200426,Jiangsu,653
20200426,Jiangxi,937
20200426,Jilin,110
20200426,Liaoning,146
20200426,Ningxia,75
20200426,Shaanxi,286
20200426,Shandong,787
20200426,Shanghai,642
20200426,Shanxi,197
20200426,Sichuan,561
20200426,Tianjin,190
20200426,Xinjiang,76
20200426,Yunnan,185
20200426,Zhejiang,1268
20200427,Anhui,991
20200427,Beijing,593
20200427,Chongqing,579
20200427,Fujian,355
20200427,Gansu,139
20200427,Guangdong,1587
20200427,Guangxi,254
20200427,Guizhou,147
20200427,Hainan,168
20200427,Hebei,328
20200427,Heilongjiang,939
20200427,Henan,1276
20200427,Hong Kong,1037
20200427,Hubei,68128
20200427,Hunan,1019
20200427,Inner Mongolia,199
20200427,Jiangsu,653
20200427,Jiangxi,937
20200427,Jilin,110
20200427,Liaoning,146
20200427,Ningxia,75
20200427,Shaanxi,286
20200427,Shandong,787
20200427,Shanghai,644
20200427,Shanxi,197
20200427,Sichuan,561
20200427,Tianjin,190
20200427,Xinjiang,76
20200427,Yunnan,185
20200427,Zhejiang,1268
20200428,Anhui,991
20200428,Beijing,593
20200428,Chongqing,579
20200428,Fujian,355
20200428,Gansu,139
20200428,Guangdong,1588
20200428,Guangxi,254
20200428,Guizhou,147
20200428,Hainan,168
20200428,Hebei,328
20200428,Heilongjiang,939
20200428,Henan,1276
20200428,Hong Kong,1037
20200428,Hubei,68128
20200428,Hunan,1019
20200428,Inner Mongolia,199
20200428,Jiangsu,653
20200428,Jiangxi,937
20200428,Jilin,110
20200428,Liaoning,146
20200428,Ningxia,75
20200428,Shaanxi,306
20200428,Shandong,787
20200428,Shanghai,645
20200428,Shanxi,197
20200428,Sichuan,561
20200428,Tianjin,190
20200428,Xinjiang,76
20200428,Yunnan,185
20200428,Zhejiang,1268
20200429,Anhui,991
20200429,Beijing,593
20200429,Chongqing,579
20200429,Fujian,355
20200429,Gansu,139
20200429,Guangdong,1588
20200429,Guangxi,254
20200429,Guizhou,147
20200429,Hainan,168
20200429,Hebei,328
20200429,Heilongjiang,939
20200429,Henan,1276
20200429,Hong Kong,1037
20200429,Hubei,68128
20200429,Hunan,1019
20200429,Inner Mongolia,200
20200429,Jiangsu,653
20200429,Jiangxi,937
20200429,Jilin,111
20200429,Liaoning,146
20200429,Ningxia,75
20200429,Shaanxi,306
20200429,Shandong,787
20200429,Shanghai,647
20200429,Shanxi,197
20200429,Sichuan,561
20200429,Tianjin,190
20200429,Xinjiang,76
20200429,Yunnan,185
20200429,Zhejiang,1268
20200430,Anhui,991
20200430,Beijing,593
20200430,Chongqing,579
20200430,Fujian,356
20200430,Gansu,139
20200430,Guangdong,1588
20200430,Guangxi,254
20200430,Guizhou,147
20200430,Hainan,168
20200430,Hebei,328
20200430,Heilongjiang,944
20200430,Henan,1276
20200430,Hong Kong,1037
20200430,Hubei,68128
20200430,Hunan,1019
20200430,Inner Mongolia,201
20200430,Jiangsu,653
20200430,Jiangxi,937
20200430,Jilin,111
20200430,Liaoning,146
20200430,Ningxia,75
20200430,Shaanxi,306
20200430,Shandong,787
20200430,Shanghai,652
20200430,Shanxi,197
20200430,Sichuan,561
20200430,Tianjin,190
20200430,Xinjiang,76
20200430,Yunnan,185
20200430,Zhejiang,1268
20200501,Anhui,991
20200501,Beijing,593
20200501,Chongqing,579
20200501,Fujian,356
20200501,Gansu,139
20200501,Guangdong,1588
20200501,Guangxi,254
20200501,Guizhou,147
20200501,Hainan,168
20200501,Hebei,328
20200501,Heilongjiang,944
20200501,Henan,1276
20200501,Hong Kong,1039
20200501,Hubei,68128
20200501,Hunan,1019
20200501,Inner Mongolia,201
20200501,Jiangsu,653
20200501,Jiangxi,937
20200501,Jilin,112
20200501,Liaoning,146
20200501,Ningxia,75
20200501,Shaanxi,306
20200501,Shandong,787
20200501,Shanghai,652
20200501,Shanxi,197
20200501,Sichuan,561
20200501,Tianjin,190
20200501,Xinjiang,76
20200501,Yunnan,185
20200501,Zhejiang,1268
20200502,Anhui,991
20200502,Beijing,593
20200502,Chongqing,579
20200502,Fujian,356
20200502,Gansu,139
20200502,Guangdong,1588
20200502,Guangxi,254
20200502,Guizhou,147
20200502,Hainan,168
20200502,Hebei,328
20200502,Heilongjiang,944
20200502,Henan,1276
20200502,Hong Kong,1039
20200502,Hubei,68128
20200502,Hunan,1019
20200502,Inner Mongolia,201
20200502,Jiangsu,653
20200502,Jiangxi,937
20200502,Jilin,112
20200502,Liaoning,146
20200502,Ningxia,75
20200502,Shaanxi,306
20200502,Shandong,787
20200502,Shanghai,652
20200502,Shanxi,197
20200502,Sichuan,561
20200502,Tianjin,190
20200502,Xinjiang,76
20200502,Yunnan,185
20200502,Zhejiang,1268
20200503,Anhui,991
20200503,Beijing,593
20200503,Chongqing,579
20200503,Fujian,356
20200503,Gansu,139
20200503,Guangdong,1588
20200503,Guangxi,254
20200503,Guizhou,147
20200503,Hainan,168
20200503,Hebei,328
20200503,Heilongjiang,944
20200503,Henan,1276
20200503,Hong Kong,1039
20200503,Hubei,68128
20200503,Hunan,1019
20200503,Inner Mongolia,201
20200503,Jiangsu,653
20200503,Jiangxi,937
20200503,Jilin,112
20200503,Liaoning,146
20200503,Ningxia,75
20200503,Shaanxi,306
20200503,Shandong,788
20200503,Shanghai,655
20200503,Shanxi,198
20200503,Sichuan,561
20200503,Tianjin,190
20200503,Xinjiang,76
20200503,Yunnan,185
20200503,Zhejiang,1268
20200504,Anhui,991
20200504,Beijing,593
20200504,Chongqing,579
20200504,Fujian,356
20200504,Gansu,139
20200504,Guangdong,1588
20200504,Guangxi,254
20200504,Guizhou,147
20200504,Hainan,168
20200504,Hebei,328
20200504,Heilongjiang,944
20200504,Henan,1276
20200504,Hong Kong,1040
20200504,Hubei,68128
20200504,Hunan,1019
20200504,Inner Mongolia,201
20200504,Jiangsu,653
20200504,Jiangxi,937
20200504,Jilin,112
20200504,Liaoning,146
20200504,Ningxia,75
20200504,Shaanxi,306
20200504,Shandong,788
20200504,Shanghai,656
20200504,Shanxi,198
20200504,Sichuan,561
20200504,Tianjin,190
20200504,Xinjiang,76
20200504,Yunnan,185
20200504,Zhejiang,1268
20200505,Anhui,991
20200505,Beijing,593
20200505,Chongqing,579
20200505,Fujian,356
20200505,Gansu,139
20200505,Guangdong,1588
20200505,Guangxi,254
20200505,Guizhou,147
20200505,Hainan,168
20200505,Hebei,328
20200505,Heilongjiang,944
20200505,Henan,1276
20200505,Hong Kong,1040
20200505,Hubei,68128
20200505,Hunan,1019
20200505,Inner Mongolia,201
20200505,Jiangsu,653
20200505,Jiangxi,937
20200505,Jilin,112
20200505,Liaoning,146
20200505,Ningxia,75
20200505,Shaanxi,308
20200505,Shandong,788
20200505,Shanghai,656
20200505,Shanxi,198
20200505,Sichuan,561
20200505,Tianjin,190
20200505,Xinjiang,76
20200505,Yunnan,185
20200505,Zhejiang,1268
20200506,Anhui,991
20200506,Beijing,593
20200506,Chongqing,579
20200506,Fujian,356
20200506,Gansu,139
20200506,Guangdong,1589
20200506,Guangxi,254
20200506,Guizhou,147
20200506,Hainan,168
20200506,Hebei,328
20200506,Heilongjiang,944
20200506,Henan,1276
20200506,Hong Kong,1040
20200506,Hubei,68128
20200506,Hunan,1019
20200506,Inner Mongolia,201
20200506,Jiangsu,653
20200506,Jiangxi,937
20200506,Jilin,112
20200506,Liaoning,146
20200506,Ningxia,75
20200506,Shaanxi,308
20200506,Shandong,788
20200506,Shanghai,657
20200506,Shanxi,198
20200506,Sichuan,561
20200506,Tianjin,190
20200506,Xinjiang,76
20200506,Yunnan,185
20200506,Zhejiang,1268
20200507,Anhui,991
20200507,Beijing,593
20200507,Chongqing,579
20200507,Fujian,356
20200507,Gansu,139
20200507,Guangdong,1589
20200507,Guangxi,254
20200507,Guizhou,147
20200507,Hainan,168
20200507,Hebei,328
20200507,Heilongjiang,944
20200507,Henan,1276
20200507,Hong Kong,1044
20200507,Hubei,68128
20200507,Hunan,1019
20200507,Inner Mongolia,201
20200507,Jiangsu,653
20200507,Jiangxi,937
20200507,Jilin,113
20200507,Liaoning,146
20200507,Ningxia,75
20200507,Shaanxi,308
20200507,Shandong,788
20200507,Shanghai,657
20200507,Shanxi,198
20200507,Sichuan,561
20200507,Tianjin,190
20200507,Xinjiang,76
20200507,Yunnan,185
20200507,Zhejiang,1268
20200508,Anhui,991
20200508,Beijing,593
20200508,Chongqing,579
20200508,Fujian,356
20200508,Gansu,139
20200508,Guangdong,1589
20200508,Guangxi,254
20200508,Guizhou,147
20200508,Hainan,168
20200508,Hebei,328
20200508,Heilongjiang,944
20200508,Henan,1276
20200508,Hong Kong,1044
20200508,Hubei,68128
20200508,Hunan,1019
20200508,Inner Mongolia,201
20200508,Jiangsu,653
20200508,Jiangxi,937
20200508,Jilin,113
20200508,Liaoning,146
20200508,Ningxia,75
20200508,Shaanxi,308
20200508,Shandong,788
20200508,Shanghai,657
20200508,Shanxi,198
20200508,Sichuan,561
20200508,Tianjin,191
20200508,Xinjiang,76
20200508,Yunnan,185
20200508,Zhejiang,1268
20200509,Anhui,991
20200509,Beijing,593
20200509,Chongqing,579
20200509,Fujian,356
20200509,Gansu,139
20200509,Guangdong,1589
20200509,Guangxi,254
20200509,Guizhou,147
20200509,Hainan,168
20200509,Hebei,328
20200509,Heilongjiang,944
20200509,Henan,1276
20200509,Hong Kong,1044
20200509,Hubei,68129
20200509,Hunan,1019
20200509,Inner Mongolia,201
20200509,Jiangsu,653
20200509,Jiangxi,937
20200509,Jilin,124
20200509,Liaoning,146
20200509,Ningxia,75
20200509,Shaanxi,308
20200509,Shandong,788
20200509,Shanghai,659
20200509,Shanxi,198
20200509,Sichuan,561
20200509,Tianjin,191
20200509,Xinjiang,76
20200509,Yunnan,185
20200509,Zhejiang,1268
20200510,Anhui,991
20200510,Beijing,593
20200510,Chongqing,579
20200510,Fujian,356
20200510,Gansu,139
20200510,Guangdong,1589
20200510,Guangxi,254
20200510,Guizhou,147
20200510,Hainan,168
20200510,Hebei,328
20200510,Heilongjiang,945
20200510,Henan,1276
20200510,Hong Kong,1047
20200510,Hubei,68134
20200510,Hunan,1019
20200510,Inner Mongolia,208
20200510,Jiangsu,653
20200510,Jiangxi,937
20200510,Jilin,127
20200510,Liaoning,147
20200510,Ningxia,75
20200510,Shaanxi,308
20200510,Shandong,788
20200510,Shanghai,659
20200510,Shanxi,198
20200510,Sichuan,561
20200510,Tianjin,191
20200510,Xinjiang,76
20200510,Yunnan,185
20200510,Zhejiang,1268
